{
    "31326X/DF":{"cage": 0.007,"ballspin":0.0448,"innerace":0.1545,"outerrace":0.11214},
    "23230CC/C3/W33":{"cage":0.00718,"ballspin":0.05758,"innerace":0.1706,"outerrace":0.12926},
    "22322E.C3/W33":{"cage":0.00684,"ballspin":0.04409,"innerace":0.157,"outerrace":0.1095},
    "31322X/DF":{"cage":0.00701,"ballspin":0.044803,"innerace":0.1545,"outerrace":0.11215},
    "24130/CC/W33":{"cage":0.00732,"ballspin":0.06586,"innerace":0.19612,"outerrace":0.1538},
    "23228CC/C3/W33":{"cage":0.00722,"ballspin":0.05972,"innerace":0.17948,"outerrace":0.13716},
    "NJ2322":{"cage":0.006732,"ballspin":0.041782,"innerace":0.13906,"outerrace":0.09424},
    "31324X/DF":{"cage":0.00701,"ballspin":0.044803,"innerace":0.1545,"outerrace":0.11215}
}